created_at,text,label_topicModels
2011-07-19,difference going stellar marketp,1
2013-01-02,get limitations compared tesla os pressuring apple,0
2012-05-08,grandote asi sincero como los que da mi gato tesla,0
2014-10-25,fine win take money,1
2012-05-01,tesla model versus giant snow drift highway video,1
2012-05-22,tesla love song via,1
2013-03-23,tesla xyecla,0
2009-07-14,rivian perhaps tesla trucks lands million amazon led investment powers normal,0
2016-03-02,yes small booth exotic sect,1
2016-07-22,would not ever guy concept not supposed showing pick compare,0
2017-08-18,tesla rival byton wants binge media car via,0
2015-02-12,think meant go tesla seeing em much,1
2015-11-16,buen raza siempre ponen cuando alg tesla se accidenta pero cuando te salva el,1
2013-12-30,win non scheduled visit took provided loaner sw update not home,1
2009-04-30,tesla firsts dog mode allows set temperature turn tesla,0
2015-06-20,tesla xyecla,0
2009-04-29,cabei de escutar que tesla milionario nicola tesla ripelonmusk,0
2008-10-15,introducing dog mode set cabin temperature keep dog comfortable letting passersby know not need worry,1
2017-08-26,fine win take money,1
2017-05-21,addition existing cabin overheat protection come automatically high temps ensure bab,0
2011-02-12,introducing dog mode set cabin temperature keep dog comfortable letting passersby know not need worry,1
2014-02-13,large tesla ships electric container barges launching autumn electrek,0
2017-01-07,,1
2011-02-19,ahora que est adaptando con ccs combo podr cargar otros modelos como el ipace ioniq tron,0
2013-02-27,introducing dog mode set cabin temperature keep dog comfortable letting passersby know not need worry,1
2009-05-24,yo buy tesla blow pleas,0
2018-10-23,amazon desistiu de construir sua nova sede em nova iorque ap protestos dos esquerdopatas contra oferta de benef,0
2008-10-15,super cool,1
2011-12-13,let take wild guess driver blames autopilot right smfh sidenote excellent advert,0
2016-08-13,introducing dog mode set cabin temperature keep dog comfortable letting passersby know not need worry,1
2014-08-01,fine win take money,1
2019-01-26,,1
2018-12-08,laten eens kijken naar wat er al uitgegeven miljoen voor een paar tesla en jaguars louter,0
2015-12-29,actually kind suction plasma tesla coil syringe helped nail https,0
2010-09-05,watch slammed suv blowing red light mph miami beach somehow driver,0
2011-12-13,not wait teslas recognize red lights car auto brake approaching red,1
2018-02-28,teslamodel tesla elonmusk tesla took delivery extended range model last week southern california,0
2010-11-01,tesla model tesla model https,0
2011-12-01,model rear defrost melted tint hot touch worried,0
2015-08-02,instead little seeker drone prophet could place shorange tesla coil,0
2018-07-10,kidding terrible way treated one would let,0
2018-07-20,watch slammed suv blowing red light mph miami beach somehow driver,0
2009-07-18,going tesla one day,1
2012-01-07,watch slammed suv blowing red light mph miami beach somehow driver,0
2007-04-10,tesla,0
2011-12-01,stars beyond one breathtaking model pics date via lemuel casas glendora california li,1
2013-11-14,tesla model review via,1
2010-01-30,actually kind suction plasma tesla coil syringe helped nail https,0
2017-10-15,fine win take money,1
2017-02-16,gali putting lot shitting tesla interview pretty surprised,1
2017-02-16,tesla hacker launches open source project freedomev run rooted teslas bring new wi fi hotspot anti tra,0
2018-06-18,paof canada,0
2012-11-17,fine win take money,1
2010-07-08,tesla love song en lafuerza delrock por sultanafm riobamba,1
2012-07-31,fine win take money,1
2018-11-27,,1
2010-11-12,actually kind suction plasma tesla coil syringe helped nail https,0
2012-03-07,prepping aluminum adhesive first generation model tesla,1
2011-02-27,watch slammed suv blowing red light mph miami beach somehow driver,0
2013-09-06,introducing dog mode set cabin temperature keep dog comfortable letting passersby know not need worry,1
2013-02-08,tesla killer qu est ce que est fa fa fa fa fa fa fa fa fa far better run run run,1
2014-12-25,introducing dog mode set cabin temperature keep dog comfortable letting passersby know not need worry,1
2012-05-31,watch slammed suv blowing red light mph miami beach somehow driver,0
2014-10-20,ocean sciences article day tesla lets sleeping dogs lie inside climate controlled model bloomberg,1
2018-03-11,sentry goin,1
2008-10-16,amazon places big bet aspiring tesla rival rivian,1
2014-04-04,tesla pensando en las mascotas,0
2016-08-05,proud dad moment watching yr old power slide mini tesla,0
2011-01-21,yep tesla going take world structurally unprofi,0
2011-03-02,turkish,1
2011-04-07,watch slammed suv blowing red light mph miami beach somehow driver,0
2013-07-16,introducing dog mode set cabin temperature keep dog comfortable letting passersby know not need worry,1
2018-08-31,elon love girl friend mars man meet pewdiepie give,0
2018-08-16,love elon musk followers tesla lmao,0
2012-06-22,fine win take money,1
2013-02-08,happy valentine day,0
2014-04-15,everything tesla stars beyond one breathtaking model pics date via le,0
2009-07-28,vloog een week geleden naar oostende voor de eerste tesla te ontvangen na een week en een nationale staking,0
2009-09-25,el nuevo rival de tesla recibi la bendici de jeff bezos,1
2010-07-07,watch slammed suv blowing red light mph miami beach somehow driver,0
2009-02-05,introducing dog mode set cabin temperature keep dog comfortable letting passersby know not need worry,1
2012-08-26,fine win take money,1
2014-03-25,introducing dog mode set cabin temperature keep dog comfortable letting passersby know not need worry,1
2014-03-17,forbes reports tesla could hit prod goals china gigafactory modely teslaroadster pickup provide roadma,0
2013-06-23,cool,1
2018-11-27,,1
2009-07-04,not really true tesla autopilot deemed vastly superior,0
2016-05-19,staout slow make sure corner case issues th,0
2017-03-08,amazon desistiu de construir sua nova sede em nova iorque ap protestos dos esquerdopatas contra oferta de benef,0
2014-03-11,watch slammed suv blowing red light mph miami beach somehow driver,0
2009-04-24,elon musk churning new features tesla owners something automaker button feature cars whic,1
2009-11-06,um think generation fault sorry never really,1
2014-11-16,thanks fantastic mobile service traveled mi seattle rotate tires replace left tail light,1
2016-07-14,ese uff,1
2018-08-15,actually kind suction plasma tesla coil syringe helped nail https,0
2017-01-04,book amazon delivers millions tesla rival rivian build electric suvs pickups,0
2009-01-23,let take wild guess driver blames autopilot right smfh sidenote excel,0
2014-07-23,addition existing cabin overheat protection come automatically high temps ensure bab,0
2013-12-23,introducing dog mode set cabin temperature keep dog comfortable letting passersby know not need worry,1
2014-09-07,introducing dog mode set cabin temperature keep dog comfortable letting passersby know not need worry,1
2011-10-08,introducing dog mode set cabin temperature keep dog comfortable letting passersby know not need worry,1
2010-11-26,hoe je je eigen job kan wegstaken brugge staking via,1
2010-05-04,police released shocking surveillance video showing moment tesla going miles hour ran red light crashed,1
2013-07-26,tesla set buy battery technology maker maxwell deal acquisition gives tesla access maxwell ul,0
2012-01-28,anos atr nikola tesla havia inventado os drones,1
2018-05-26,welp time cop tesla,0
2014-09-15,tesla xyecla,0
2016-05-19,pls gib access code,0
2018-10-15,sentry activated using cameras sensors tesla sentry mode detects records notifies owners potential,0
2010-11-26,pijnlijke illustratie van wat ik gisteren al zei,0
2009-07-27,fine win take money,1
2014-06-30,specifically cold weather performance,0
2009-08-19,amazon desistiu de construir sua nova sede em nova iorque ap protestos dos esquerdopatas contra oferta de benef,0
2009-12-18,house judiciary committee letter trump announces probe national emergency declaration,0
2010-07-21,sentry activated using cameras sensors tesla sentry mode detects records notifies owners potential,0
2015-06-21,tesla original genius,0
2013-03-07,buen raza siempre ponen cuando alg tesla se accidenta pero cuando te salva el,1
2018-10-07,,1
2011-12-01,welp time cop tesla,0
2012-02-03,not mind whenever someone sees word tesla automatically assume,0
2014-07-04,elon musk libera las patentes de tesla favor del medioambiente ahora cualquiera puede crear autom viles con la tecnolog,1
2013-07-28,fine win take money,1
2017-10-12,tesla model plus de livr es en france auto plus,0
2017-09-14,tesla srock eighties lovethe rockgods theeighties eightiesrock,0
2019-01-17,shell buys sonnen tesla competitor home battery business,0
2017-02-23,amazon desistiu de construir sua nova sede em nova iorque ap protestos dos esquerdopatas contra oferta de benef,0
2008-07-11,something something tesla model,0
2008-07-23,analyst discusses gm amazon interested rivian tsla tslaq tesla emhivemind,1
2013-03-05,elon musk confirmed new party camping mode released tesla vehicles month two,1
2012-07-11,tesla,0
2017-12-04,times report nhtsa issues agency hid tesla crash data nearly two years way build trust,1
2014-11-04,tesla launched dog mode,0
2016-03-09,tesla added new playlist go stream,1
2013-02-26,watch slammed suv blowing red light mph miami beach somehow driver,0
2013-01-02,tesla turn meme meme mode finally philosophizing,1
2009-04-04,tsla strong,1
2018-05-20,starman space car driver needs learn drive earth tesla,0
2010-11-26,vloog een week geleden naar oostende voor de eerste tesla te ontvangen na een week en een nationale staking,0
2012-06-08,miodrag stojkovi je jo jedna potvrda da bi tesla da je ostao srbiji bio domar,0
2009-06-09,tesla model first suv receive perfect crash test rating via,0
2017-04-12,len bir ki iyi tekrar hayata nd rme ans olsa kimi geri getirmek istersdiniz birka kelimeylehayat nikola tesla,0
2017-02-08,fine win take money,1
2016-08-19,,1
2015-10-15,going not die idk sounds pretty good,1
2016-08-13,sentry activated using cameras sensors tesla sentry mode detects records notifies owners potential,0
2010-05-16,tesla,0
2017-08-18,yea getting selective insideevs electrek cleantechnica tesla specific ori,0
2013-07-09,tesla auto pilot glitch,0
2014-03-31,donate kidneys liver get tesla tomorrow,0
2014-03-29,mi madre entend mejor la naturaleza humana nunca la reprend ella sab que un hombre puede ser salvado de su prop,0
2015-01-02,watch slammed suv blowing red light mph miami beach somehow driver,0
2015-11-05,introducing dog mode set cabin temperature keep dog comfortable letting passersby know not need worry,1
2015-04-04,tesla xyecla ht,0
2011-06-24,introducing dog mode set cabin temperature keep dog comfortable letting passersby know not need worry,1
2014-10-07,senior middleware database engineer recruiter tesla location fremont california salary competitive posted,0
2019-02-01,,1
2009-04-04,sentry activated using cameras sensors tesla sentry mode detects records notifies owners potential,0
2019-02-15,daily commut,0
2009-09-25,wish valentine day,0
2019-02-15,vengo ahorrando para comprarme un tesla antes del voy pesos,1
2009-11-27,got tesla use seriously must get heaattack see,1
2017-04-18,amazon backs rivian tesla rival behind new electric truck suv,0
2011-10-20,elon musk libera las patentes de tesla favor del medioambiente ahora cualquiera puede crear autom viles con la tecnolog,1
2016-06-13,shell taking tesla batteries homes,0
2012-12-23,fine win take money,1
2011-12-14,would like get around tesla brisbane,0
2019-01-19,buen raza siempre ponen cuando alg tesla se accidenta pero cuando te salva el,1
2017-07-27,top tesla analyst,0
2010-12-19,ha invertido millones en una alternativa tesla,0
2018-02-18,kia engineering quality reliability years ahead tesla,0
2009-03-03,think numbers materially misstated,0
2011-09-05,not disagreeing calling fake news spreading truth disagree general making personal,1
2015-09-15,tesla latest challenge finding new customers model,0
2015-07-29,,1
2010-02-23,electric like tesla priced like ford fiesta,1
2010-05-03,british motor oil,0
2010-02-21,sets tesla dragon dice red world let give away neon dragon set one winne,0
2014-06-30,not sure reduces lithium plating anode,0
2009-12-18,house judiciary committee letter trump announces probe national emergency declaration deep sta,0
2010-03-14,sentry activated using cameras sensors tesla sentry mode detects records notifies owners potential,0
2012-02-25,tesla model stops avoid accident,0
2018-04-09,willie nelson parked tesla front us west nashville costco nice seeing people spotligh,1
2013-03-23,sentry activated using cameras sensors tesla sentry mode detects records notifies owners potential,0
2019-01-10,reason want tesla,1
2009-01-27,add sentry mode,0
2011-09-30,introducing dog mode set cabin temperature keep dog comfortable letting passersby know not need worry,1
2014-06-24,introducing dog mode set cabin temperature keep dog comfortable letting passersby know not need worry,1
2013-06-07,tesla rifle found last night could better fallout cleanupcrew,1
2009-09-25,future automotive security,1
2010-07-23,wheeled electricvehicle company could next tesla automotive design engineering technology,0
2009-10-13,tesla model automatski ko kako bi spre io sudar uzrokovan autom koji prolazi kroz crveno svetlo,0
2017-06-02,dual motor car quite good stock tires fortunately,1
2012-07-28,sentry activated using cameras sensors tesla sentry mode detects records notifies owners potential,0
2011-08-24,fine win take money,1
2011-12-24,introducing dog mode set cabin temperature keep dog comfortable letting passersby know not need worry,1
2014-12-04,fine win take money,1
2011-02-13,watch slammed suv blowing red light mph miami beach somehow driver,0
2011-04-13,bands saw high school skid row poison warrant aerosmith alice cooper kiss slaughter tesla,0
2013-09-15,fine win take money,1
2013-06-20,watch slammed suv blowing red light mph miami beach somehow driver,0
2009-03-08,sentry activated using cameras sensors tesla sentry mode detects records notifies owners potential,0
2012-01-08,social media intern trust white people going lose shit one,0
2015-01-29,fine win take money,1
2013-04-24,elon musk libera las patentes de tesla favor del medioambiente ahora cualquiera puede crear autom viles con la tecnolog,1
2018-07-09,watch slammed suv blowing red light mph miami beach somehow driver,0
2012-05-04,,1
2014-10-10,amazon desistiu de construir sua nova sede em nova iorque ap protestos dos esquerdopatas contra oferta de benef,0
2013-09-27,fine win take money,1
2013-03-01,easily worst customer service ever experienced emails text threads commitments follow,1
2009-09-25,not want,1
2012-03-14,watch slammed suv blowing red light mph miami beach somehow driver,0
2018-07-27,cancel call cc company charge back,1
2018-11-27,not helpful suggestions vast exaggerations not accurately reflect owners,0
2015-04-20,kad krene ovakvo dumanje svi smo pomalo tesla,1
2018-05-09,sentry activated using cameras sensors tesla sentry mode detects records notifies owners potential,0
2015-04-24,fine win take money,1
2015-05-27,damn tesla tanks wtf,1
2012-06-22,men skrev ikke elon musk filmmusikken til frost tesla det,1
2011-10-06,introducing dog mode set cabin temperature keep dog comfortable letting passersby know not need worry,1
2009-01-25,tsla tesla not paying vendors hoarding cash,1
2012-05-04,introducing dog mode set cabin temperature keep dog comfortable letting passersby know not need worry,1
2013-11-22,,1
2014-08-28,tesla xyecla,0
2018-06-06,nota en azul los phev bridos enchufables en verde los el ctricos el model de tesla se lleva del mercado de,1
2010-06-06,elon musk libera las patentes de tesla favor del medioambiente ahora cualquiera puede crear autom viles con la tecnolog,1
2018-07-28,introducing dog mode set cabin temperature keep dog comfortable letting passersby know not need worry,1
2015-05-01,tesla xyecla,0
2018-02-27,agreed look happened attention focused dieselgate,0
2017-09-26,yen pas mal des bornes tesla,1
2014-06-24,nobody said tesla would not obtain homologation theory,1
2017-08-26,nam si ju zaczyna przewraca ch policja bazylei zakupi tesla km,1
2015-04-12,next car,1
2012-08-12,thank reply last week good know crumbs left,1
2018-06-20,wants provide customers simpler buying process transparent prices texas lea,1
2012-07-06,nah not imply self driving time tesla hit suv anything praising car,0
2014-06-30,lithium batteries not not charged freezing,1
2015-02-27,introducing dog mode set cabin temperature keep dog comfortable letting passersby know not need worry,1
2015-05-14,reason want tesla,1
2009-11-20,still denial fake news easy judge search cnbc chanos tesla youtube see freque,0
2017-07-09,starman space car driver needs learn drive earth tesla,0
2018-10-25,sentry activated using cameras sensors tesla sentry mode detects records notifies owners potential,0
2010-05-24,premiere turn tesla new music video fast watch https,1
2018-04-12,wonderful thing tesla aware labor laws,0
2012-05-02,fine win take money,1
2019-02-11,outchea supporting kanu heafoundation event london big bro sis,0
2012-06-14,hoe je je eigen job kan wegstaken brugge staking via,1
2018-03-22,every single roads today made fremont factory thankful opportunity speak tesla,0
2009-04-13,ev tesla,1
2011-05-24,take elon musk money nationalize tesla turn five mansions homeless shelters put jai,1
2018-03-22,thank jumping presenting rube goldberg participants,0
2016-07-14,rt,0
2014-12-24,agree like possible look many different ways like see youtuber new tesla,0
2008-12-14,tesla gate sciencefiction kindl,1
2016-06-16,bang mintak jasa baik boleh sebarkan news ni tak adik rumet saya hilang dari pagi semalam till ta,1
2013-03-20,introducing dog mode set cabin temperature keep dog comfortable letting passersby know not need worry,1
2014-10-11,sentry activated using cameras sensors tesla sentry mode detects records notifies owners potential,0
2016-11-05,fine win take money,1
2013-09-09,tesla passed days uptime smartcars never turn take live patches zero downtime zero emissions,1
2016-11-04,sentry activated using cameras sensors tesla sentry mode detects records notifies owners potential,0
2012-01-12,pc probably ps not,1
2011-10-11,idk even relevant unless making seem like self driving feature fault,0
2018-04-12,tesla three awesome electric vehicles breathed hope california,0
2009-04-04,read eu wants tax tesla car good hueu car makers not exactly tr,1
2012-02-23,news amazon tambi apuesta por los coches el ctricos invierte en un rival de tesla news inform,1
2019-01-09,one days like xmas people kind every day xmas vale,1
2011-11-13,tesla xyecla,0
2014-09-03,question moving next year released gasoline real byeeeeee htt,1
2011-08-05,first try insult tesla comparing kia compare tesla kia,1
2014-08-26,fine win take money,1
2017-08-28,tesla xyecla,0
2015-10-04,not say owner say hooman,1
2015-08-25,really epic must owner toy store inspires whole new category frunktoys tesla teslatoyrun,1
2015-07-04,watch slammed suv blowing red light mph miami beach somehow driver,0
2011-10-14,updated ones need june,1
2011-05-04,tesla dog mode whydonttheyjust run tube aircon water condenser normally fine drink,1
2012-05-23,need,0
2011-09-05,cool point areas car company improve open flaws found,1
2009-11-25,tesla,0
2009-11-13,tesla not flinch need one,0
2012-06-14,pijnlijke illustratie van wat ik gisteren al zei,0
2009-06-10,,1
2014-08-23,electric like tesla priced like ford fiesta,1
2016-07-03,pulled tesla oh goooodd,0
2017-12-26,amazon cancellation new york hq celebrated aoc imagine environmentalists stopping,1
2011-10-14,supercharger locations already updated ccs belgium netherlands,0
2015-01-22,fine win take money,1
2010-10-10,,1
2009-03-30,fine win take money,1
2012-02-02,watch slammed suv blowing red light mph miami beach somehow driver,0
2018-08-09,might slight delay tesla tesla transpo,0
2012-07-06,tesla hit suv not,0
2013-09-29,watch slammed suv blowing red light mph miami beach somehow driver,0
2016-06-22,amazon desistiu de construir sua nova sede em nova iorque ap protestos dos esquerdopatas contra oferta de benef,0
2009-03-12,saving solar powered tesla better get straightened,0
2018-05-26,,1
2014-09-09,tesla almost hit today know really not car,0
2017-04-28,polemica con la polizia di basilea per le tesla modelx,0
2017-09-19,watch slammed suv blowing red light mph miami beach somehow driver,0
2014-12-22,introducing dog mode set cabin temperature keep dog comfortable letting passersby know not need worry,1
2014-02-19,buddy frunk puppy,0
2014-08-05,guess saving tesla,0
2010-04-08,tesla launched dog mode,0
2009-08-05,police released shocking surveillance video showing moment tesla going miles hour ran red light crashed,1
2013-09-19,fine win take money,1
2012-02-18,tesla launched dog mode,0
2012-02-03,first look tesla sentry mode space odyssey ai easter egg,0
2017-07-09,sentry activated using cameras sensors tesla sentry mode detects records notifies owners potential,0
2013-11-18,watch slammed suv blowing red light mph miami beach somehow driver,0
2016-12-10,addition existing cabin overheat protection come automatically high temps ensure bab,0
2009-03-04,adult dream driving tesla stressed much car payments,0
2013-01-23,fine win take money,1
2013-05-19,ya que carro comprar,1
2009-07-07,sentry activated using cameras sensors tesla sentry mode detects records notifies owners potential,0
2011-03-27,introducing dog mode set cabin temperature keep dog comfortable letting passersby know not need worry,1
2015-09-07,introducing dog mode set cabin temperature keep dog comfortable letting passersby know not need worry,1
2018-11-27,,1
2010-11-16,tesla full wrap avery matt metallic blue wrapping cars vehicle wrapping london london tesla teslawrap,1
2009-03-30,hope people show voice concern not tesla spacex,0
2016-01-28,one big beautiful lawsuit,1
2015-04-02,fine win take money,1
2014-07-10,fine win take money,1
2011-03-24,police released shocking surveillance video showing moment tesla going miles hour ran red light crashed,1
2018-12-30,indeed tesla fantastic job would say furtastic pun would insulting mighty tesla hehe,1
2012-09-09,tesla full wrap avery matt metallic blue london tesla teslawrap carwrapping carwraps,1
2013-03-18,watch slammed suv blowing red light mph miami beach somehow driver,0
2013-05-27,shell buys sonnen tesla competitor home battery business home battery business,0
2019-02-08,yo buy tesla blow pleas,0
2011-10-02,watch slammed suv blowing red light mph miami beach somehow driver,0
2009-11-15,fine win take money,1
2018-07-02,watch slammed suv blowing red light mph miami beach somehow driver,0
2016-07-05,fine win take money,1
2012-04-13,fine win take money,1
2011-10-13,watch slammed suv blowing red light mph miami beach somehow driver,0
2011-07-05,fine win take money,1
2018-08-19,heute abholung unserer ersten model im service center berlin,1
2018-09-01,mean express support tesla,0
2018-07-07,,1
2011-09-28,cupertino deber apple comprar netflix tesla,0
2015-04-22,senior software engineer microsoft dynamics ax recruiter tesla location fremont california salary competitive po,0
2014-08-16,senior salesforce developer recruiter tesla location fremont california salary competitive posted feb clo,0
2018-11-27,,1
2016-06-08,book amazon delivers millions tesla rival rivian build electric suvs pickups,0
2011-10-24,smena miodraga stojkovo pokazuje srbima za je tesla bio toliki genije pa je samo jednu ivotu proveo srbiji,0
2009-05-02,absolutely not tesla needs survive need help,0
2017-09-15,tesla new mode targets pets dog mode cars canaltech,0
2018-04-20,today celebrate partnership staof concession historic occa,1
2012-01-20,fine win take money,1
2018-01-11,times report nhtsa issues agency hid tesla crash data nearly two years way build trus,1
2011-05-11,police released shocking surveillance video showing moment tesla going miles hour ran red light crashed,1
2011-02-01,introducing dog mode set cabin temperature keep dog comfortable letting passersby know not need worry,1
2012-06-14,vloog een week geleden naar oostende voor de eerste tesla te ontvangen na een week en een nationale staking,0
2012-08-13,amazon invests rivian tesla rival electric vehicles makes sen,0
2016-05-17,sounds like ing great tim,1
2016-01-19,tesla good job,0
2017-08-18,tesla latest challenge finding new customers model,0
2018-02-11,watch slammed suv blowing red light mph miami beach somehow driver,0
2008-10-15,book amazon delivers millions tesla rival rivian build electric suvs pickups,0
2014-02-19,introducing dog mode set cabin temperature keep dog comfortable letting passersby know not need worry,1
2013-04-06,much commonsense car overspeeding mph even,0
2014-07-17,ok amazing shit hat elon,0
2009-03-18,sentry activated using cameras sensors tesla sentry mode detects records notifies owners potential,0
2011-10-13,dog mode activate someone looking outside sentry mode activ,0
2014-09-06,never wanted tesla,1
2011-10-11,not tesla self driving actually driver fault self driving feature would allow,0
2010-03-03,kenthink tesla fined violating california labor laws,1
2016-04-28,introducing dog mode set cabin temperature keep dog comfortable letting passersby know not need worry,1
2009-08-15,police released shocking surveillance video showing moment tesla going miles hour ran red light crashed,1
2014-06-20,tesla xyecla,0
2010-08-23,qu hitos ser noticia este tesla sus desaf os facebook su responsabilidad ti cu te interesa,1
2018-05-29,yo buy tesla blow pleas,0
2014-05-29,tesla latest challenge finding new customers model,0
2014-05-05,fine win take money,1
2013-03-22,fine win take money,1
2017-11-23,nice thread range thought tesla based mit youtube video,0
2018-08-27,watch slammed suv blowing red light mph miami beach somehow driver,0
2013-09-19,fine win take money,1
2015-02-25,wonder could design modes could program devices prog shutdown house,0
2015-10-08,fine win take money,1
2013-01-06,okay wanted tesla need tesla,0
2018-05-24,exactly,0
2009-05-19,tesla showing signs failing company endemic quality problems,0
2018-10-07,results tsla consecutive qtrs profitability imo th,0
2013-01-28,introducing dog mode set cabin temperature keep dog comfortable letting passersby know not need worry,1
2017-04-24,book amazon delivers millions tesla rival rivian build electric suvs pickups,0
2008-06-10,hey nikola tesla fanatics,1
2011-10-11,not misleading not tesla fault driver control vehicle time,0
2013-11-16,introducing dog mode set cabin temperature keep dog comfortable letting passersby know not need worry,1
2018-04-25,de vakbonden doen waar ze goed zijn de economie saboteren hun eigen voet schieten,0
2015-01-22,buen raza siempre ponen cuando alg tesla se accidenta pero cuando te salva el,1
2018-06-13,legislature session,1
2017-12-03,first batch model mx ms tianjin poof china congratulation model owners china,1
2009-02-02,tesla dance music bmw rd place thi,0
2009-08-16,ya tengo memento mori tambi tengo el libro de realidad aumentada de tesla recuerdan esa muestra en le cenart arroozzz,1
2012-11-07,electric like tesla priced like ford fiesta,1
2009-05-30,electric pickup trucks got attention joins,0
2015-08-23,buen raza siempre ponen cuando alg tesla se accidenta pero cuando te salva el,1
2018-11-27,extensively mapped lidar not deviated last scan,1
2013-10-24,fine win take money,1
2013-05-29,,1
2015-12-12,tesla famode real gem via,0
2012-04-13,models ready weather bring canadian weather,1
2016-01-02,,1
2018-11-27,imagine would find car model received scrutiny model,0
2014-10-01,book amazon delivers millions tesla rival rivian build electric suvs pickups,0
2015-07-19,fine win take money,1
2010-08-22,good job sentry mode please add prompt option turn park rather di,0
2014-10-22,watch slammed suv blowing red light mph miami beach somehow driver,0
2018-08-16,tesla lost,0
2018-05-18,opportunity meet legislators throughout day voice suppofor tesla,1
2016-04-01,fine win take money,1
2009-05-27,electric like tesla priced like ford fiesta,1
2015-09-25,als de argumenten op zijn er altijd nog de demagogie als bliksemafleider van de essentie tesla schrapt banen,1
2007-04-14,sadly hybrid wife calls old man car maybe tesla one days,0
2009-10-25,introducing dog mode set cabin temperature keep dog comfortable letting passersby know not need worry,1
2011-10-03,not belive tesla shipped cars one wants,0
2014-04-18,yo buy tesla blow pleas,0
2011-11-11,see remember days made sold colors seeing flesh brought bac,0
2010-11-06,watch slammed suv blowing red light mph miami beach somehow driver,0
2012-03-18,introducing dog mode set cabin temperature keep dog comfortable letting passersby know not need worry,1
2018-06-13,going staa new business sell cold weather gear oct nov bill right away wait till apr,0
2018-05-13,wheeled electricvehicle company could next tesla automotive design engineering technology,0
2015-07-29,,1
2015-10-27,wonder could design modes could program devices prog shutdown house,0
2011-10-10,police released shocking surveillance video showing moment tesla going miles hour ran red light crashed,1
2016-07-07,sentry activated using cameras sensors tesla sentry mode detects records notifies owners potential,0
2017-05-05,pet peacock mode turtle mode cappiberra mode,0
2018-04-25,vloog een week geleden naar oostende voor de eerste tesla te ontvangen na een week en een nationale staking,0
2012-10-01,introducing dog mode set cabin temperature keep dog comfortable letting passersby know not need worry,1
2010-04-14,officially tell today first day test drives model bordeaux tesla store ht,1
2013-01-29,melissa etheridge last solid music awakening,1
2014-06-18,fine win take money,1
2009-02-05,mayor chris koos quoted amazon invests tesla rival electric vehicles,0
2012-10-22,curious reuter listed tesla rivian supposed competition since tesla not even make truck yet unless,0
2016-08-16,either elon musk goes tesla goes not debate,0
2016-12-01,found post took less four months tweet implementation https,0
2011-10-03,omg gigademandproblem germany good luck tsla tesla model germany,1
2011-09-09,police released shocking surveillance video showing moment tesla going miles hour ran red light crashed,1
2008-04-27,sentry activated using cameras sensors tesla sentry mode detects records notifies owners potential,0
2014-08-10,fine win take money,1
2012-01-11,fine win take money,1
2018-11-27,,1
2011-04-06,mean somehow rated safeti,1
2017-12-30,something actual emergencies plague nation like climate change health care access,1
2018-02-28,probably die tbh tsla tslaq,1
2015-09-25,vloog een week geleden naar oostende voor de eerste tesla te ontvangen na een week en een nationale staking,0
2017-10-22,move tesla carmaker electra meccanica going huge market thestreet,1
2012-05-01,watch slammed suv blowing red light mph miami beach somehow driver,0
2011-10-06,tesla model first suv receive perfect crash test rating via,0
2011-09-26,tesla xyecla,0
2011-02-11,yeah see,1
2011-02-11,wheeled electricvehicle company could next tesla automotive design engineering technology,0
2015-08-06,sentry activated using cameras sensors tesla sentry mode detects records notifies owners potential,0
2010-03-12,viendo un interesante documental sobre el gran tesla padre de la corriente alterna vanguardista en radiofon,1
2010-01-09,broder tesla incorpor dog mode sus carros un trip te permite dejar una temperatura fija con tus perros en el aut,1
2009-06-24,tesla model first suv receive perfect crash test rating via,0
2014-03-18,tesla xyecla,0
2015-05-12,yo buy tesla blow pleas,0
2018-08-06,sad see not see update improvement old tesla,1
2012-07-25,lmaoooo fucking tesla,0
2017-10-24,happy hear tesla came back gives us hope,0
2017-01-21,sentry activated using cameras sensors tesla sentry mode detects records notifies owners potential,0
2012-09-01,police released shocking surveillance video showing moment tesla going miles hour ran red light crashed,1
2017-12-11,fine win take money,1
2009-07-25,police released shocking surveillance video showing moment tesla going miles hour ran red light crashed,1
2011-05-11,watch slammed suv blowing red light mph miami beach somehow driver,0
2015-04-28,congrats tesla fam,0
2011-06-02,hehe nice not wait buy tesla,1
2018-07-14,amazon desistiu de construir sua nova sede em nova iorque ap protestos dos esquerdopatas contra oferta de benef,0
2018-03-24,tesla xyecla,0
2018-05-18,tesla apparently texas state capitol visit march th tsla,1
2010-07-03,get goddamn tesla right,0
2015-01-09,fine win take money,1
2011-10-20,tesla xyecla,0
2011-01-18,watch slammed suv blowing red light mph miami beach somehow driver,0
2007-08-09,amazon places big bet aspiring tesla rival rivian inc said friday would lead,1
2017-01-07,course mention title,1
2014-07-12,fine win take money,1
2009-02-19,,1
2011-11-25,,1
2013-12-02,real data status remains iihs enough,1
2018-11-27,maybe not buy treasuries,1
2018-06-20,not trying harm business models steal jobs simply providing another alternative,0
2018-06-13,well says,0
2012-11-12,could win tesla model supported great cause thanks,0
2012-06-06,tesla motors pamerkan teknologi mode anjing apa itu,1
2017-01-04,buen raza siempre ponen cuando alg tesla se accidenta pero cuando te salva el,1
2010-06-24,buen raza siempre ponen cuando alg tesla se accidenta pero cuando te salva el,1
2009-12-29,,1
2014-01-21,introducing dog mode set cabin temperature keep dog comfortable letting passersby know not need worry,1
2015-06-11,not think car supposed want help convince parents get tesla model,0
2015-07-27,greatest technological advancement century,0
2016-10-17,netherlands portugal not male,0
2018-02-27,weekend project installation home charge cable organizer tesla model,0
2015-07-29,,1
2011-12-03,introducing dog mode set cabin temperature keep dog comfortable letting passersby know not need worry,1
2012-02-23,actually kind suction plasma tesla coil syringe helped nail https,0
2013-10-20,addition existing cabin overheat protection come automatically high temps ensure bab,0
2018-07-17,needs superchargers socal elon,0
2013-10-20,introducing dog mode set cabin temperature keep dog comfortable letting passersby know not need worry,1
2008-11-15,either elon musk goes tesla goes not debate,0
2013-02-13,mazdas new ice engines rin cleaner evs recharged coal tesla,1
2013-08-01,,1
2009-12-14,tesla done homi,0
2018-12-16,electric like tesla priced like ford fiesta,1
2009-12-14,one fake cars hail tesla model,0
2010-04-09,buen raza siempre ponen cuando alg tesla se accidenta pero cuando te salva el,1
2017-09-29,tesla model first suv receive perfect crash test rating via,0
2011-11-22,police released shocking surveillance video showing moment tesla going miles hour ran red light crashed,1
2018-09-20,,1
2017-06-22,lithium battery would not want boost voltage would simply lower amperag,1
2018-04-12,fine win take money,1
2010-10-27,actually kind suction plasma tesla coil syringe helped nail https,0
2018-03-09,tesla srock eighties lovethe rockgods theeighties eightiesrock,0
2018-11-28,probably die tbh tsla tslaq,1
2012-03-10,ill let little secret green projects disasters solar wastes acres,0
2012-09-24,police released shocking surveillance video showing moment tesla going miles hour ran red light crashed,1
2016-12-01,fine win take money,1
2009-04-06,sentry activated using cameras sensors tesla sentry mode detects records notifies owners potential,0
2013-07-22,fine win take money,1
2014-07-03,fine win take money,1
2012-04-27,ovo sto sam slao nije nikakva zavera al dobro jednostavno pare su igri ne mogu da dodju prave teor,1
2018-07-06,course thought goes without asking,1
2018-04-22,yo buy tesla blow pleas,0
2017-06-01,correct,1
2017-06-22,bms hopefully regulate incoming charge prevent,0
2018-09-20,introducing dog mode set cabin temperature keep dog comfortable letting passersby know not need worry,1
2018-11-27,,1
2014-11-01,introducing dog mode set cabin temperature keep dog comfortable letting passersby know not need worry,1
2013-01-11,yeah get ready another model bring new cars market without sp,0
2015-08-21,les gars quoi le truc avec les tesla jentend que des filles qui en veulent une pq,0
2014-03-31,guess saving tesla,0
2010-10-10,,1
2012-01-18,think tsla fired social media crew,0
2018-02-18,kia dash hardware much better design clearly designed company knows,1
2015-03-29,watch slammed suv blowing red light mph miami beach somehow driver,0
2014-12-25,fine win take money,1
2013-11-07,suv shit small ass tesla lmao,0
2019-01-20,make sure check la plata mo hidden gem tesla destination charging northeast,1
2009-04-14,tesla latest challenge finding new customers model,0
2019-01-09,think ima buy tesla summ,1
2013-07-10,fine win take money,1
2018-11-27,,1
2009-07-04,shell taking tesla batteries homes shell oil buys sonnen battery,0
2009-04-05,also tesla cuomo,0
2012-07-04,add sentry mode,0
2016-05-26,first get tesla naan dog getting inside hear,0
2014-03-20,heavy metal teslamodel tesla elektromobilitaet tffforum mittelhessen,0
2013-02-23,hope one day tesla sells ready kits autonomous driving cars get synced avoiding,0
2012-04-18,tryna go half tesla ill need pay split ownership middl,0
2013-02-02,fine win take money,1
2014-12-16,bad news tsla shareholders liking read rivian ownership seems like serious contender,1
2012-02-12,tesla mets suv,1
2012-02-06,tesla xyecla,0
2016-03-10,tesla fiesta cycle best pollution parking not seen doctor years comment,0
2014-08-17,introducing dog mode set cabin temperature keep dog comfortable letting passersby know not need worry,1
2012-04-01,okay get tesla,0
2017-12-16,either elon musk goes tesla goes not debate,0
2014-08-17,fine win take money,1
2018-07-10,hey least winter almost,1
2012-01-18,realize consumer reports rated super cruise tesla auto pilo,1
2015-05-07,fine win take money,1
2013-05-29,put horns tesla,0
2012-01-18,dear super cruise heart cadillac,1
2018-01-12,got invited tesla oslo try model thoughts shut take money already convin,0
2018-03-05,police released shocking surveillance video showing moment tesla going miles hour ran red light crashed,1
2010-05-31,mobile service came house swap battery not home rain know,0
2015-05-12,,1
2013-04-23,tesla launched dog mode,0
2011-09-13,played also say plays lot better blackout however not either haha,1
2018-02-27,amazon delivers millions tesla rival rivian build electric suvs pickups rivian inched closer prime time,0
2012-11-12,could win tesla model supported great cause thanks,0
2009-03-09,think interested getting getting away tr,1
2018-01-12,tesla sell model germany sold,1
2017-10-27,actually kind suction plasma tesla coil syringe helped nail https,0
2018-01-02,tesla towing maserati mean towing future model based maserati wheel base nearly ident,1
2014-03-11,tesla xyecla,0
2009-01-29,meanwhile labor liberal keeping australia well truly slow lane electricvehicles auspol greens htt,0
2017-04-17,lol place right next tesla overflow lot raintree dr literally neighbors,1
2013-05-24,tsla tslaq definitely omg collision sensors not get triggered,0
2018-11-27,,1
2018-08-06,gracias ment,1
2018-03-29,either elon musk goes tesla goes not debate,0
2016-07-06,fine win take money,1
2018-06-16,yes,1
2012-04-13,someone almost hit tesla fuck dude shoulda let set lawsuit money lif,0
2012-11-29,fine win take money,1
2016-06-16,police released shocking surveillance video showing moment tesla going miles hour ran red light crashed,1
2016-03-07,forbes repo tesla model demand europe hit overall teslamodel prod hits month mo,0
2018-11-27,,1
2011-04-28,fine win take money,1
2009-06-21,either elon musk goes tesla goes not debate,0
2018-12-16,introducing dog mode set cabin temperature keep dog comfortable letting passersby know not need worry,1
2012-07-31,got records make revised reversed tesla beam,0
2016-02-03,dog mode de tesla llegar en forma de una actualizaci por software para que la mascota pueda quedarse esperar su,1
2009-05-27,check lots love tesla alberta,0
2017-04-23,lots heartbreak live supercruise limited hard pass give tesla,0
2011-11-09,saying word tesla times video emphasizing tweet shows oil interest,1
2010-07-01,actually kind suction plasma tesla coil syringe helped nail https,0
2010-12-23,amazon places big bet aspiring tesla rival rivian,1
2010-03-28,want tesla tryna enjoy driving gas cars,1
2016-07-01,tesla xyecla,0
2017-04-19,operation football spirit award winners,0
2015-01-18,tesla,0
2012-11-25,fine win take money,1
2014-01-16,introducing dog mode set cabin temperature keep dog comfortable letting passersby know not need worry,1
2016-04-17,actually kind suction plasma tesla coil syringe helped nail https,0
2016-11-24,introducing dog mode set cabin temperature keep dog comfortable letting passersby know not need worry,1
2017-06-22,could not find info charging temps,1
2012-08-10,watch slammed suv blowing red light mph miami beach somehow driver,0
2009-03-18,audi coustic tesla,1
2015-03-04,fine win take money,1
2018-01-12,tesla introducing dog mode keep cars pet safe temperature even turned,1
2012-08-28,sentry activated using cameras sensors tesla sentry mode detects records notifies owners potential,0
2010-05-31,agency hid tesla crash data nearly years via technology,1
2009-07-19,tesla testez gratuitement la model dans villes fran aises de vrier mars,1
2013-05-29,not netherlands belgium portugal,0
2010-06-02,not sold tesla wow yes,1
2011-11-03,introducing dog mode set cabin temperature keep dog comfortable letting passersby know not need worry,1
2014-01-26,put horns tesla,0
2008-07-16,agency hid tesla crash data nearly years via technology,1
2010-02-06,fine win take money,1
2012-04-12,snubbed new yorkers amazon shows cities states seeking lure businesses community love,0
2011-07-21,nenk red nyay spatla yoksa daha fazla tesla kemiklerini zlatma,1
2016-08-03,first big shipment tesla model arrives china china automotive cars auto ev tesla futu,0
2011-12-04,amazon desistiu de construir sua nova sede em nova iorque ap protestos dos esquerdopatas contra oferta de benef,0
2013-11-01,fine win take money,1
2016-01-06,fine win take money,1
2015-05-12,thought thanos lmao,0
2011-06-17,sentry activated using cameras sensors tesla sentry mode detects records notifies owners potential,0
2016-08-03,tesla model world ev ahead baic ec series chinadeep china automotive cars auto ev fu,0
2010-02-07,tesla great radio controversy,1
2011-06-17,nice,1
2013-02-11,ceos dunia yang berpengaruh elon musk tesla tim cook apple doug mcmillon walmart jack alibaba exec,1
2009-03-12,watch slammed suv blowing red light mph miami beach somehow driver,0
2019-01-12,today celebrate partnership staof concession historic occa,1
2017-01-26,tesla one would said shit subsidiz,0
2018-06-20,think wrong reasons not allowed sell directly consumer texas pro,0
2011-06-15,tesla lanza el modo perro una funci para que una mascota encerrada sufra el calor,0
2017-07-11,introducing dog mode set cabin temperature keep dog comfortable letting passersby know not need worry,1
2015-11-30,,1
2017-08-27,tesla surfboard wtf doin boi xd,1
2014-01-09,fine win take money,1
2018-01-12,every single roads today made fremont factory thankful opportunity speak tesla,0
2014-02-27,building war tanks dud,1
2016-08-03,first big shipment tesla model arrives china china automotive cars auto ev tesla fu,0
2011-04-01,put horns tesla,0
2018-11-02,electric vehicle thought day takes electricity house drive model mi,0
2010-12-29,buyrun tesla fabrikas,0
2017-07-31,fine win take money,1
2013-02-19,buen raza siempre ponen cuando alg tesla se accidenta pero cuando te salva el,1
2015-07-05,watch slammed suv blowing red light mph miami beach somehow driver,0
2011-09-03,watch slammed suv blowing red light mph miami beach somehow driver,0
2018-04-08,sra gobernadora hay intendentes que se cuelgan de su exito quieren adue arse de sus logros,0
2016-08-03,china lithium miners focus chinadeep china lithium stocks mining metals cobalt zinc nick,0
2015-05-12,chance guys could add roadhead mode,0
2016-08-03,china clean energy news focus chinadeep china lithium stocks mining metals cobalt zinc,0
2015-05-12,tinted windows auto pilot,0
2012-08-10,watch slammed suv blowing red light mph miami beach somehow driver,0
2012-06-19,watch slammed suv blowing red light mph miami beach somehow driver,0
2013-12-31,fine win take money,1
2014-02-10,fine win take money,1
2010-08-26,tesla thought aliens contacted described encounter red cross,1
2012-07-20,fine win take money,1
2011-01-09,fine win take money,1
2011-04-28,amazon desistiu de construir sua nova sede em nova iorque ap protestos dos esquerdopatas contra oferta de benef,0
2016-08-03,plug electric vehicles market share china automotive cars auto ev future technology,0
2017-07-02,honestly not think matters hat color long keeps,1
2011-01-19,tesla xyecla,0
2014-01-16,watch slammed suv blowing red light mph miami beach somehow driver,0
2009-02-05,book amazon delivers millions tesla rival rivian build electric suvs pickups https,0
2012-08-11,introducing dog mode set cabin temperature keep dog comfortable letting passersby know not need worry,1
2019-01-11,think mean dab,1
2013-12-19,question moving next year released gasoline real byeeeeee htt,1
2014-12-20,watch slammed suv blowing red light mph miami beach somehow driver,0
2012-07-28,introducing dog mode set cabin temperature keep dog comfortable letting passersby know not need worry,1
2015-07-01,buen raza siempre ponen cuando alg tesla se accidenta pero cuando te salva el,1
2015-11-29,mr arrived panda house heard honking horn tesla least,0
2018-08-23,tesla model,0
2009-03-09,charging specifications not needed battery char,1
2018-09-01,get money back late,0
2012-05-21,actually kind suction plasma tesla coil syringe helped nail https,0
2019-01-11,hmmmmm,0
2012-04-01,police released shocking surveillance video showing moment tesla going miles hour ran red light crashed,1
2009-01-15,police released shocking surveillance video showing moment tesla going miles hour ran red light crashed,1
2014-11-05,addition existing cabin overheat protection come automatically high temps ensure bab,0
2009-03-29,models ready weather bring canadian weather,1
2013-12-29,fine win take money,1
2008-02-07,thanks,0
2011-07-30,introducing dog mode set cabin temperature keep dog comfortable letting passersby know not need worry,1
2013-12-31,amazon invests rivian tesla rival electric vehicles automobiles electricandhybridvehicl,0
2011-02-13,guess saving tesla,0
2018-01-12,models ready weather bring canadian weather,1
2014-03-14,fine win take money,1
2013-05-13,hey ordered snow wheel package november lots calls emails paid december cc bill wher,1
2015-09-08,watch slammed suv blowing red light mph miami beach somehow driver,0
2013-02-06,introducing dog mode set cabin temperature keep dog comfortable letting passersby know not need worry,1
2014-03-17,forbes repo tesla model demand europe hit overall teslamodel prod hits month,0
2009-12-24,,1
2008-05-28,electric pickup trucks got attention joins,0
2018-04-20,clue talking posted data iihs,1
2013-12-11,fine win take money,1
2016-08-03,auto maker tops dividend china auto ev technology suv musclecar electriccar,0
2008-08-21,boom brand selling anything not using commerceiq race pushing,1
2013-04-21,amazon desistiu de construir sua nova sede em nova iorque ap protestos dos esquerdopatas contra oferta de benef,0
2008-04-22,fabulous feature not wait til available cars,1
2016-10-05,amazon places big bet aspiring tesla rival rivian news tech,1
2016-11-16,mark twain bff tesla connection,0
2018-02-27,might worth mobile servi,1
2011-10-14,sit back relax enjoy rewarded either tsla success,0
2014-11-14,introducing dog mode set cabin temperature keep dog comfortable letting passersby know not need worry,1
2015-03-27,patented invention order prevent electrical fires electrical surge occurs disassemble,1
2009-11-04,tesla may launched dog mode think subaru dog lobby lot longer dogmod,1
2013-09-19,used follow tesla death watch site even told friends way tes,0
2018-06-10,next investment equity business baseh,1
2018-10-29,tots adorb,1
2018-01-12,officially tell today first day test drives model bordeaux tesla store ht,1
2009-06-30,book amazon delivers millions tesla rival rivian build electric suvs pickups,0
2014-07-06,wait available model,1
2014-06-13,first look tesla sentry mode shows cool space odyssey easter egg,0
2009-03-20,tesla constantly one bravo dogmode tesla,0
2018-05-27,fine win take money,1
2017-05-08,either elon musk goes tesla goes not debate,0
2018-06-20,family suppoon event military family though not texas anymo,1
2016-03-13,korrekt bei uns der schweuz gibt es keinen strom aus kohle das schlimmste not atom dieser not,0
2019-02-05,introducing dog mode set cabin temperature keep dog comfortable letting passersby know not need worry,1
2009-09-28,companies movetheneedle right direction always wanted paof,1
2013-06-09,sentry activated using cameras sensors tesla sentry mode detects records notifies owners potential,0
2012-05-22,amazon desistiu de construir sua nova sede em nova iorque ap protestos dos esquerdopatas contra oferta de benef,0
2009-04-06,woof woof,0
2009-12-24,tesla man il ya encore fait le buzz,0
2016-10-17,people wrong physical button point,0
2018-01-12,sentry activated using cameras sensors tesla sentry mode detects records notifies owners potential,0
2011-12-01,fine win take money,1
2015-11-12,tesla launched dog mode,0
2018-02-19,since designed car chargers difference eur us similar,1
2010-03-01,texas already passed law not leave dog car matter car shu,0
2019-02-01,,1
2013-01-27,introducing dog mode set cabin temperature keep dog comfortable letting passersby know not need worry,1
2012-06-15,introducing dog mode set cabin temperature keep dog comfortable letting passersby know not need worry,1
2014-06-08,tesla launched dog mode,0
2017-11-04,time get tesla mazda jk,0
2018-10-17,probably,1
2018-07-19,hey ordered snow wheel package november lots calls emails paid december cc bill wher,1
2011-05-21,tesla motors pamerkan teknologi mode anjing apa itu,1
2018-10-09,mean staputting right,0
2012-01-07,actually kind suction plasma tesla coil syringe helped nail https,0
2009-11-29,fine win take money,1
2009-07-20,police released shocking surveillance video showing moment tesla going miles hour ran red light crashed,1
2013-11-06,kadar cahilsiniz ki dininiz var diye ahlaka ihtiyac olmad yorsunuz nikola tesla,0
2013-07-14,donate kidneys liver get tesla tomorrow,0
2009-06-10,little guy smartest coolest dog ever,1
2018-10-06,sentry activated using cameras sensors tesla sentry mode detects records notifies owners potential,0
2012-08-09,tesla thought aliens contacted described encounter red cross,1
2014-01-28,fine win take money,1
2017-08-20,entonces ya compraras el tesla,1
2009-02-28,thinking tesla sentry mode wall floaty chairs situation,0
2016-06-19,amazon places big bet aspiring tesla rival rivian news tech,1
2017-01-07,yes great,1
2012-05-23,actually kind suction plasma tesla coil syringe helped nail https,0
2018-01-08,sentry activated using cameras sensors tesla sentry mode detects records notifies owners potential,0
2015-03-21,tesla xyecla,0
2014-03-13,innovative companies servicenow workday salesforce tesla amazon netflix incyte uni,1
2017-05-18,tesla introduces dog mode keep pets cool inside car,1
2018-02-28,hey ordered snow wheel package november lots calls emails paid december cc bill wher,1
2014-07-11,fine win take money,1
2012-03-11,police released shocking surveillance video showing moment tesla going miles hour ran red light crashed,1
2015-10-30,tesla,0
2011-10-21,move silence like tesla,0
2009-05-22,commission rules purchase basel tesla police car fleet unlawful procurement row another blow,0
2018-10-29,makes frunk look huge li,0
2012-04-17,fine win take money,1
2017-01-07,maybe update fix problem volume,0
2011-07-11,watch slammed suv blowing red light mph miami beach somehow driver,0
2018-08-04,drudge report tesla traveling mph nearly splits suv half blows red light miami beach,1
2012-03-01,actually kind suction plasma tesla coil syringe helped nail https,0
2015-04-17,watch slammed suv blowing red light mph miami beach somehow driver,0
2017-11-12,fine win take money,1
2009-11-18,fine win take money,1
2011-08-30,fine win take money,1
2015-04-12,mavi kalbin yan na zaman ye il kalp koyulmalidir,1
2019-01-14,watch slammed suv blowing red light mph miami beach somehow driver,0
2009-12-14,tesla elonmusk,0
2015-06-21,tesla,0
2019-01-23,right make sure cars not tesla,0
2015-10-16,tesla growing fast look exploring wood,1
2016-04-23,tesla pretty snake omfgggg lov,0
2009-04-23,tengo que empezar buscar carro nuevo need un tesla,1
2013-04-17,elon musk add investment legend druckenmiller list hedgies prominently david einhorn,1
2017-01-29,actually thought tesla would bankrupt guess time became congresswoman,0
2012-02-06,shell buys sonnen tesla competitor home battery business enlarge employee working manufactu,0
2013-02-04,fine win take money,1
2013-11-30,tesla introduces dog mode keep pets cool inside car,1
2011-06-06,police released shocking surveillance video showing moment tesla going miles hour ran red light crashed,1
2016-07-20,kim kazand tesla super bike,1
2009-06-10,ban tesla,1
2008-04-08,amazon led investment tesla rival rivian,0
2013-11-07,materialist picking tesla soon,1
2015-06-02,,1
2013-01-12,,1
2012-07-11,would stan fuck tesla make people like less afraid science fuck sak,0
2019-02-01,stop readen book yogi friend paul condran friend civil engineer given,0
2012-09-10,fine win take money,1
2017-11-27,nikola tesla original edgelord sense wanted fuck pigeons know,0
2013-07-30,tesla xyecla,0
2010-08-14,actually kind suction plasma tesla coil syringe helped nail https,0
2009-02-10,actually kind suction plasma tesla coil syringe helped nail https,0
2011-10-12,,1
2013-12-21,fine win take money,1
2017-11-16,fine win take money,1
2012-04-18,fine win take money,1
2018-06-21,open doors hal,1
2011-10-04,oooooo graphic perfect name,1
2014-09-05,shell buys sonnen tesla competitor home battery business techbot tech,0
2019-01-27,amazon desistiu de construir sua nova sede em nova iorque ap protestos dos esquerdopatas contra oferta de benef,0
2011-08-28,solid red light hope everyone ok driver tesla needs pay everything,0
2012-07-02,fine win take money,1
2016-12-10,rivian discloses investment round led amzn amazon rivian tesla tsla electricvehicles venturecapital,0
2010-07-25,tesla introduces dog mode keep pets cool inside car,1
2012-02-03,tesla bp investments china point big electric vehicle future,0
2009-04-06,model built august,1
2010-10-13,amazon desistiu de construir sua nova sede em nova iorque ap protestos dos esquerdopatas contra oferta de benef,0
2017-03-23,tesla xyecla ht,0
2013-01-01,electra meccanica takes tesla three wheeler solo microcar,1
2009-05-28,commission rules purchase basel tesla police car fleet unlawful procurement row another blow,0
2010-11-21,new tesla rodney plonker,0
2011-11-24,point decided dump life savings buying tesla wish luck,1
2011-08-25,honda mazda tesla,1
2012-02-26,update amazon places big bet aspiring tesla rival rivian reuters company news,1
2013-07-19,tesla growing fast look exploring wood,1
2014-10-20,buen raza siempre ponen cuando alg tesla se accidenta pero cuando te salva el,1
2013-03-08,go back read mean not currently,0
2015-04-12,ss al yorum hadi kalk gel bu bahane diye de ark sal yorum,1
2011-01-02,not make toyota claim incorrect though case tesla depen,0
2018-08-24,playing tesla changes visit us buy song,0
2016-01-04,either elon musk goes tesla goes not debate,0
2012-06-01,watch slammed suv blowing red light mph miami beach somehow driver,0
2015-12-19,actually kind suction plasma tesla coil syringe helped nail https,0
2016-01-04,live silicon valley tesla minutes home exaggeration something wrong,0
2011-09-09,nice listener look tesla car burning paid,1
2016-03-24,yeah got tl tried get tesla wanted rack month,0
2013-04-29,tesla introduce un sistema que regula la temperatura informa del estado de la mascota,0
2009-01-18,cool,1
2015-02-13,tesla model miles selling iaa sandiego stock,0
2009-11-02,sentry activated using cameras sensors tesla sentry mode detects records notifies owners potential,0
2016-01-04,live silicon valley tesla minutes home exaggeration something wrong wi,0
2015-05-29,fine win take money,1
2015-03-07,thinking getting dog,0
2017-09-19,,1
2012-01-19,hi know tesla several modes car future would possible add muscle,0
2015-07-29,,1
2011-11-28,es la pantalla central del nuevo mercedes clase lo tesla model lo bueno siempre se copia verdad,0
2012-04-15,fine win take money,1
2010-08-26,major dogmode tesla repost introducing dog mode set cabi,0
2010-06-18,se dan cuenta que lauren vino nos dijo que se iba comprar un tesla lo hizo nos dijo que estaba enamorada de su carro,1
2017-08-03,watch slammed suv blowing red light mph miami beach somehow driver,0
2015-12-17,knowledge tesla drove fire truck police vehicle stationary barrier pr,1
2009-03-09,nhtsa claim tesla autosteer reduced crashes proven bogus,1
2018-06-29,,1
2016-01-10,nikola tesla un dels inventors cient fics amb renom en els camps de la sica enginyeria el ctrica la,1
2017-07-24,war china war india war developing nation attempts use fossil fuels free tes,1
2013-10-12,check stunning tesla images scentwedge,0
2009-03-18,tesla launched dog mode,0
2016-11-07,uhhh mind powerful,1
2009-06-30,move puts shell direct competition companies makes,0
2018-01-01,literally wealth theoretical market crashed tesla space died,1
2012-06-15,introducing dog mode set cabin temperature keep dog comfortable letting passersby know not need worry,1
2015-10-14,look banksy sculpture,1
2011-12-01,introducing dog mode set cabin temperature keep dog comfortable letting passersby know not need worry,1
2018-03-12,light lights tesla coil,0
2016-04-30,time tesla,0
2013-01-24,batteries tend loose performance cold much performance battery bank lose,0
2013-02-12,fine win take money,1
2011-01-09,introducing dog mode set cabin temperature keep dog comfortable letting passersby know not need worry,1
2010-09-23,wow new update rolling super slow,0
2014-05-22,watch slammed suv blowing red light mph miami beach somehow driver,0
2012-01-02,watch slammed suv blowing red light mph miami beach somehow driver,0
2011-11-18,introducing dog mode set cabin temperature keep dog comfortable letting passersby know not need worry,1
2016-03-13,mir gef llt es weil es modern not und wirkt und zudem leise und effizient man kann einen tesla,0
2017-03-20,agency hid tesla crash data nearly years via technology,1
2016-10-12,actually kind suction plasma tesla coil syringe helped nail https,0
2018-01-03,fantastic news clean air nissanleaf tesla electricvehicles electriccars,1
2015-07-11,amazon places big bet aspiring tesla rival rivian,1
2016-03-29,pay attention road,1
2018-05-22,yo buy tesla blow pleas,0
2016-11-07,fine win take money,1
2015-06-02,,1
2017-01-31,fine win take money,1
2014-03-10,tesla xyecla,0
2018-02-13,sentry activated using cameras sensors tesla sentry mode detects records notifies owners potential,0
2014-11-11,fine win take money,1
2014-03-26,police released shocking surveillance video showing moment tesla going miles hour ran red light crashed,1
2011-05-29,tesla fue el verdadero inventor de la radio aunque marconi patent la idea gan el nobel,1
2016-09-18,pero si han puesto ha hal ya se liar,1
2017-12-01,le faltaron muchos pero incluir dos importantes capos nikola tesla elon musk,1
2018-06-23,seriously not wait badass vehicle idea tesla showrooms call futures instead,1
2019-02-13,tesla confirmed troll,0
2010-07-26,yup totally makes sense,1
2018-06-18,tesla rushing model china china trade war truce expires,1
2017-02-11,smena miodraga stojkovo pokazuje srbima za je tesla bio toliki genije pa je samo jednu ivotu proveo srbiji,0
2012-11-22,fine win take money,1
2012-01-04,solid red light hope everyone ok driver tesla needs pay everything,0
2019-01-31,yo buy tesla blow pleas,0
2018-09-01,careful autopilot lest heabe defibrillator instead,1
2015-10-28,amzn tsla amazon places big bet aspiring tesla rival rivian,1
2018-01-03,introducing dog mode set cabin temperature keep dog comfortable letting passersby know not need worry,1
2016-07-20,wooosh,1
2011-09-25,tell autopilot get new gpu get home quick,0
2011-12-22,fine win take money,1
2018-01-03,sentry activated using cameras sensors tesla sentry mode detects records notifies owners potential,0
2018-09-28,fine win take money,1
2016-11-30,watch slammed suv blowing red light mph miami beach somehow driver,0
2014-07-28,either elon musk goes tesla goes not debate,0
2014-09-12,need apologize anything block people twit fairly frequently,1
2008-04-04,actually kind suction plasma tesla coil syringe helped nail https,0
2015-06-02,hi,1
2012-08-22,watch slammed suv blowing red light mph miami beach somehow driver,0
2018-07-06,bit perspective say bmw never get update lol,0
2010-11-21,amazon said investing million rivian tesla rival electric vehicles,0
2015-03-21,watch slammed suv blowing red light mph miami beach somehow driver,0
2011-06-23,want tesla bad,1
2018-02-20,honda mazda tesla,1
2011-10-14,assume production model week capacity model ship additional,0
2014-02-19,watch slammed suv blowing red light mph miami beach somehow driver,0
2018-11-08,tesla model maiden voyage white sands nm,0
2010-11-25,si bien cuando pensamos en electricidad en radiotransmisi solemos poensar nikola tesla marc el destino de,1
2018-05-20,tesla party camping mode coming month two says elon musk,1
2008-07-10,imagine tesla,0
2013-11-03,fine win take money,1
2011-10-04,multiple sources tell amazon made clear beginning hq search wanted go woul,0
2016-04-19,guess not bit,1
2009-09-23,giro gerrards cross durante la pausa pranzo un bosco quattro supermercati un lago gelato tante auto elettr,1
2009-08-14,update switched went sleep lullaby station within seconds victory,0
2016-01-30,not take oshawa factory already paid unrecovered loans gm,1
2019-01-22,tsla strong,1
2009-10-03,neaaaaaaa en msterdam tienen taxis tesla whaaaaat uffff,0
2011-11-10,introducing dog mode set cabin temperature keep dog comfortable letting passersby know not need worry,1
2010-10-14,buen raza siempre ponen cuando alg tesla se accidenta pero cuando te salva el,1
2009-03-25,two cracking phrases one meeting range rage feeling uk owner gets public chargi,0
2017-04-21,first photo seen shows tesla semi charging connector plug,1
2012-05-06,massive dick recently great idea,1
2012-05-15,actually kind suction plasma tesla coil syringe helped nail https,0
2009-04-05,vagabundo comparou um ebook que faz uma coisa custa mais que um tablet mediano com um carro da tesla eu,0
2009-06-22,police released shocking surveillance video showing moment tesla going miles hour ran red light crashed,1
2018-07-06,not wait teslas recognize red lights car auto brake approac,1
2009-04-18,actually kind suction plasma tesla coil syringe helped nail https,0
2012-03-16,amazon desistiu de construir sua nova sede em nova iorque ap protestos dos esquerdopatas contra oferta de benef,0
2012-01-02,tesla motors pamerkan teknologi mode anjing apa itu,1
2017-09-02,introducing dog mode set cabin temperature keep dog comfortable letting passersby know not need worry,1
2017-11-11,,1
2014-04-26,never wanted tesla,1
2011-06-23,,1
2010-11-03,actually kind suction plasma tesla coil syringe helped nail https,0
2012-12-24,sentry activated using cameras sensors tesla sentry mode detects records notifies owners potential,0
2010-01-28,amazon backs rivian tesla rival behind new electric truck suv,0
2013-09-19,fine win take money,1
2009-06-18,sentry activated using cameras sensors tesla sentry mode detects records notifies owners potential,0
2009-04-25,amazon invests rivian tesla rival electric vehicles automobiles electricandhybridvehicl,0
2017-02-24,introducing dog mode set cabin temperature keep dog comfortable letting passersby know not need worry,1
2011-07-20,watch slammed suv blowing red light mph miami beach somehow driver,0
2018-11-27,,1
2018-01-04,billionaire stanley druckenmiller placed bet tesla tsla,1
2017-08-09,watch slammed suv blowing red light mph miami beach somehow driver,0
2017-01-01,introducing dog mode set cabin temperature keep dog comfortable letting passersby know not need worry,1
2018-03-22,sentry mode guard tesla attacks,0
2017-09-24,telling not single tesla owner tint tacky ass windows,0
2015-05-11,watch slammed suv blowing red light mph miami beach somehow driver,0
2009-10-18,fucking hal,1
2010-02-25,typing tesla assumed one autonomous car,0
2009-04-25,yeah tesla never insure cars would costly,0
2016-09-07,sentry activated using cameras sensors tesla sentry mode detects records notifies owners potential,0
2018-11-02,much larger issue,0
2011-04-08,tesla growing fast look exploring wood,1
2017-11-18,inject tesla,0
2012-04-02,amazon invests rivian tesla rival electric vehicles automobiles electricandhybridvehicl,0
2018-06-05,rain magical tesla,1
2016-11-24,introducing dog mode set cabin temperature keep dog comfortable letting passersby know not need worry,1
2010-05-16,pode ter certeza que tesla ser comprada por uma das big montadoras dinheiro est quando acha,0
2014-09-30,yo buy tesla blow pleas,0
2013-11-07,omg tesla charts even blocked,1
2018-11-23,sentry activated using cameras sensors tesla sentry mode detects records notifies owners potential,0
2011-03-03,actually kind suction plasma tesla coil syringe helped nail https,0
2013-07-30,watch slammed suv blowing red light mph miami beach somehow driver,0
2018-10-27,electric like tesla priced like ford fiesta,1
2018-03-22,gemroyalty strategic controlling active management investment portfolio tnrgold tnr receives,1
2018-03-22,tnrgold tnr gemroyalty strategic initiatives first announced results explained tesla revol,1
2011-05-02,police released shocking surveillance video showing moment tesla going miles hour ran red light crashed,1
2007-03-21,multiple sources tell amazon made clear beginning hq search wanted go,0
2013-12-16,fine win take money,1
2012-05-08,name accident repothat titled car hits another car,0
2018-07-27,tesla,0
2010-05-06,,1
2010-04-25,police released shocking surveillance video showing moment tesla going miles hour ran red light crashed,1
2018-08-29,police released shocking surveillance video showing moment tesla going miles hour ran red light crashed,1
2014-07-27,watch slammed suv blowing red light mph miami beach somehow driver,0
2013-12-01,introducing dog mode set cabin temperature keep dog comfortable letting passersby know not need worry,1
2014-09-12,tesla model stops avoid horrific crash,0
2017-10-29,introducing dog mode set cabin temperature keep dog comfortable letting passersby know not need worry,1
2013-12-09,actually kind suction plasma tesla coil syringe helped nail https,0
2018-07-25,either elon musk goes tesla goes not debate,0
2014-09-15,actually kind suction plasma tesla coil syringe helped nail https,0
